교통수단별,기준연월,목적,성별,연령,인원수
기타공항,2023-08-31,관광,남성,20세 이하,1049
기타항구,2023-08-31,관광,남성,20세 이하,891
김포,2023-08-31,관광,남성,20세 이하,4648
김해,2023-08-31,관광,남성,20세 이하,5018
부산,2023-08-31,관광,남성,20세 이하,1809
인천,2023-08-31,관광,남성,20세 이하,51
인천공항,2023-08-31,관광,남성,20세 이하,43449
제주공항,2023-08-31,관광,남성,20세 이하,5878
제주항,2023-08-31,관광,남성,20세 이하,7
기타공항,2023-08-31,관광,남성,21~30세,537
기타항구,2023-08-31,관광,남성,21~30세,220
김포,2023-08-31,관광,남성,21~30세,4432
김해,2023-08-31,관광,남성,21~30세,4417
부산,2023-08-31,관광,남성,21~30세,959
인천,2023-08-31,관광,남성,21~30세,38
인천공항,2023-08-31,관광,남성,21~30세,46073
제주공항,2023-08-31,관광,남성,21~30세,4971
제주항,2023-08-31,관광,남성,21~30세,8
기타공항,2023-08-31,관광,남성,31~40세,567
기타항구,2023-08-31,관광,남성,31~40세,440
김포,2023-08-31,관광,남성,31~40세,5654
김해,2023-08-31,관광,남성,31~40세,4850
부산,2023-08-31,관광,남성,31~40세,802
인천,2023-08-31,관광,남성,31~40세,148
인천공항,2023-08-31,관광,남성,31~40세,45097
제주공항,2023-08-31,관광,남성,31~40세,5460
제주항,2023-08-31,관광,남성,31~40세,5
기타공항,2023-08-31,관광,남성,41~50세,692
기타항구,2023-08-31,관광,남성,41~50세,704
김포,2023-08-31,관광,남성,41~50세,6869
김해,2023-08-31,관광,남성,41~50세,5306
부산,2023-08-31,관광,남성,41~50세,1117
인천,2023-08-31,관광,남성,41~50세,203
인천공항,2023-08-31,관광,남성,41~50세,40166
제주공항,2023-08-31,관광,남성,41~50세,3354
제주항,2023-08-31,관광,남성,41~50세,8
기타공항,2023-08-31,관광,남성,51~60세,474
기타항구,2023-08-31,관광,남성,51~60세,573
김포,2023-08-31,관광,남성,51~60세,5724
김해,2023-08-31,관광,남성,51~60세,3969
부산,2023-08-31,관광,남성,51~60세,1280
인천,2023-08-31,관광,남성,51~60세,247
인천공항,2023-08-31,관광,남성,51~60세,29737
제주공항,2023-08-31,관광,남성,51~60세,2014
제주항,2023-08-31,관광,남성,51~60세,9
기타공항,2023-08-31,관광,남성,61세이상,274
기타항구,2023-08-31,관광,남성,61세이상,976
김포,2023-08-31,관광,남성,61세이상,2959
김해,2023-08-31,관광,남성,61세이상,3087
부산,2023-08-31,관광,남성,61세이상,4517
인천,2023-08-31,관광,남성,61세이상,141
인천공항,2023-08-31,관광,남성,61세이상,16455
제주공항,2023-08-31,관광,남성,61세이상,1529
제주항,2023-08-31,관광,남성,61세이상,97
기타공항,2023-08-31,관광,여성,20세 이하,1205
기타항구,2023-08-31,관광,여성,20세 이하,839
김포,2023-08-31,관광,여성,20세 이하,9853
김해,2023-08-31,관광,여성,20세 이하,6915
부산,2023-08-31,관광,여성,20세 이하,1962
인천,2023-08-31,관광,여성,20세 이하,65
인천공항,2023-08-31,관광,여성,20세 이하,71749
제주공항,2023-08-31,관광,여성,20세 이하,8139
제주항,2023-08-31,관광,여성,20세 이하,5
기타공항,2023-08-31,관광,여성,21~30세,1044
기타항구,2023-08-31,관광,여성,21~30세,165
김포,2023-08-31,관광,여성,21~30세,12878
김해,2023-08-31,관광,여성,21~30세,7417
부산,2023-08-31,관광,여성,21~30세,1095
인천,2023-08-31,관광,여성,21~30세,30
인천공항,2023-08-31,관광,여성,21~30세,110692
제주공항,2023-08-31,관광,여성,21~30세,15478
제주항,2023-08-31,관광,여성,21~30세,9
기타공항,2023-08-31,관광,여성,31~40세,881
기타항구,2023-08-31,관광,여성,31~40세,412
김포,2023-08-31,관광,여성,31~40세,9078
김해,2023-08-31,관광,여성,31~40세,5788
부산,2023-08-31,관광,여성,31~40세,956
인천,2023-08-31,관광,여성,31~40세,81
인천공항,2023-08-31,관광,여성,31~40세,66373
제주공항,2023-08-31,관광,여성,31~40세,10535
제주항,2023-08-31,관광,여성,31~40세,13
기타공항,2023-08-31,관광,여성,41~50세,1264
기타항구,2023-08-31,관광,여성,41~50세,749
김포,2023-08-31,관광,여성,41~50세,8948
김해,2023-08-31,관광,여성,41~50세,6982
부산,2023-08-31,관광,여성,41~50세,1609
인천,2023-08-31,관광,여성,41~50세,136
인천공항,2023-08-31,관광,여성,41~50세,56706
제주공항,2023-08-31,관광,여성,41~50세,5306
제주항,2023-08-31,관광,여성,41~50세,10
기타공항,2023-08-31,관광,여성,51~60세,691
기타항구,2023-08-31,관광,여성,51~60세,771
김포,2023-08-31,관광,여성,51~60세,6796
김해,2023-08-31,관광,여성,51~60세,4971
부산,2023-08-31,관광,여성,51~60세,1864
인천,2023-08-31,관광,여성,51~60세,217
인천공항,2023-08-31,관광,여성,51~60세,38997
제주공항,2023-08-31,관광,여성,51~60세,3375
제주항,2023-08-31,관광,여성,51~60세,24
기타공항,2023-08-31,관광,여성,61세이상,439
기타항구,2023-08-31,관광,여성,61세이상,1027
김포,2023-08-31,관광,여성,61세이상,3116
김해,2023-08-31,관광,여성,61세이상,3361
부산,2023-08-31,관광,여성,61세이상,5780
인천,2023-08-31,관광,여성,61세이상,144
인천공항,2023-08-31,관광,여성,61세이상,19969
제주공항,2023-08-31,관광,여성,61세이상,2474
제주항,2023-08-31,관광,여성,61세이상,116
기타공항,2023-09-30,관광,남성,20세 이하,504
기타항구,2023-09-30,관광,남성,20세 이하,217
김포,2023-09-30,관광,남성,20세 이하,1867
김해,2023-09-30,관광,남성,20세 이하,2069
부산,2023-09-30,관광,남성,20세 이하,451
인천,2023-09-30,관광,남성,20세 이하,60
인천공항,2023-09-30,관광,남성,20세 이하,21259
제주공항,2023-09-30,관광,남성,20세 이하,2047
제주항,2023-09-30,관광,남성,20세 이하,177
기타공항,2023-09-30,관광,남성,21~30세,795
기타항구,2023-09-30,관광,남성,21~30세,327
김포,2023-09-30,관광,남성,21~30세,4945
김해,2023-09-30,관광,남성,21~30세,5154
부산,2023-09-30,관광,남성,21~30세,770
인천,2023-09-30,관광,남성,21~30세,129
인천공항,2023-09-30,관광,남성,21~30세,56215
제주공항,2023-09-30,관광,남성,21~30세,6579
제주항,2023-09-30,관광,남성,21~30세,124
기타공항,2023-09-30,관광,남성,31~40세,900
기타항구,2023-09-30,관광,남성,31~40세,509
김포,2023-09-30,관광,남성,31~40세,6980
김해,2023-09-30,관광,남성,31~40세,6554
부산,2023-09-30,관광,남성,31~40세,740
인천,2023-09-30,관광,남성,31~40세,369
인천공항,2023-09-30,관광,남성,31~40세,62052
제주공항,2023-09-30,관광,남성,31~40세,5767
제주항,2023-09-30,관광,남성,31~40세,290
기타공항,2023-09-30,관광,남성,41~50세,715
기타항구,2023-09-30,관광,남성,41~50세,574
김포,2023-09-30,관광,남성,41~50세,6560
김해,2023-09-30,관광,남성,41~50세,5565
부산,2023-09-30,관광,남성,41~50세,825
인천,2023-09-30,관광,남성,41~50세,625
인천공항,2023-09-30,관광,남성,41~50세,40116
제주공항,2023-09-30,관광,남성,41~50세,2484
제주항,2023-09-30,관광,남성,41~50세,221
기타공항,2023-09-30,관광,남성,51~60세,601
기타항구,2023-09-30,관광,남성,51~60세,833
김포,2023-09-30,관광,남성,51~60세,5538
김해,2023-09-30,관광,남성,51~60세,5060
부산,2023-09-30,관광,남성,51~60세,1311
인천,2023-09-30,관광,남성,51~60세,897
인천공항,2023-09-30,관광,남성,51~60세,32569
제주공항,2023-09-30,관광,남성,51~60세,1992
제주항,2023-09-30,관광,남성,51~60세,263
기타공항,2023-09-30,관광,남성,61세이상,645
기타항구,2023-09-30,관광,남성,61세이상,2180
김포,2023-09-30,관광,남성,61세이상,3609
김해,2023-09-30,관광,남성,61세이상,4403
부산,2023-09-30,관광,남성,61세이상,5002
인천,2023-09-30,관광,남성,61세이상,1150
인천공항,2023-09-30,관광,남성,61세이상,26599
제주공항,2023-09-30,관광,남성,61세이상,1754
제주항,2023-09-30,관광,남성,61세이상,915
기타공항,2023-09-30,관광,여성,20세 이하,594
기타항구,2023-09-30,관광,여성,20세 이하,157
김포,2023-09-30,관광,여성,20세 이하,3974
김해,2023-09-30,관광,여성,20세 이하,2757
부산,2023-09-30,관광,여성,20세 이하,551
인천,2023-09-30,관광,여성,20세 이하,67
인천공항,2023-09-30,관광,여성,20세 이하,36568
제주공항,2023-09-30,관광,여성,20세 이하,2856
제주항,2023-09-30,관광,여성,20세 이하,189
기타공항,2023-09-30,관광,여성,21~30세,1616
기타항구,2023-09-30,관광,여성,21~30세,214
김포,2023-09-30,관광,여성,21~30세,14207
김해,2023-09-30,관광,여성,21~30세,9395
부산,2023-09-30,관광,여성,21~30세,1048
인천,2023-09-30,관광,여성,21~30세,175
인천공항,2023-09-30,관광,여성,21~30세,139337
제주공항,2023-09-30,관광,여성,21~30세,20145
제주항,2023-09-30,관광,여성,21~30세,173
기타공항,2023-09-30,관광,여성,31~40세,1546
기타항구,2023-09-30,관광,여성,31~40세,279
김포,2023-09-30,관광,여성,31~40세,10504
김해,2023-09-30,관광,여성,31~40세,8281
부산,2023-09-30,관광,여성,31~40세,851
인천,2023-09-30,관광,여성,31~40세,340
인천공항,2023-09-30,관광,여성,31~40세,90751
제주공항,2023-09-30,관광,여성,31~40세,11431
제주항,2023-09-30,관광,여성,31~40세,369
기타공항,2023-09-30,관광,여성,41~50세,1255
기타항구,2023-09-30,관광,여성,41~50세,416
김포,2023-09-30,관광,여성,41~50세,6878
김해,2023-09-30,관광,여성,41~50세,6971
부산,2023-09-30,관광,여성,41~50세,1093
인천,2023-09-30,관광,여성,41~50세,459
인천공항,2023-09-30,관광,여성,41~50세,52213
제주공항,2023-09-30,관광,여성,41~50세,3690
제주항,2023-09-30,관광,여성,41~50세,283
기타공항,2023-09-30,관광,여성,51~60세,1056
기타항구,2023-09-30,관광,여성,51~60세,1327
김포,2023-09-30,관광,여성,51~60세,7162
김해,2023-09-30,관광,여성,51~60세,6994
부산,2023-09-30,관광,여성,51~60세,2191
인천,2023-09-30,관광,여성,51~60세,904
인천공항,2023-09-30,관광,여성,51~60세,47697
제주공항,2023-09-30,관광,여성,51~60세,3418
제주항,2023-09-30,관광,여성,51~60세,531
기타공항,2023-09-30,관광,여성,61세이상,1004
기타항구,2023-09-30,관광,여성,61세이상,2363
김포,2023-09-30,관광,여성,61세이상,4262
김해,2023-09-30,관광,여성,61세이상,5506
부산,2023-09-30,관광,여성,61세이상,6634
인천,2023-09-30,관광,여성,61세이상,834
인천공항,2023-09-30,관광,여성,61세이상,34170
제주공항,2023-09-30,관광,여성,61세이상,2303
제주항,2023-09-30,관광,여성,61세이상,1046
기타공항,2023-10-31,관광,남성,20세 이하,374
기타항구,2023-10-31,관광,남성,20세 이하,201
김포,2023-10-31,관광,남성,20세 이하,1279
김해,2023-10-31,관광,남성,20세 이하,2000
부산,2023-10-31,관광,남성,20세 이하,340
인천,2023-10-31,관광,남성,20세 이하,58
인천공항,2023-10-31,관광,남성,20세 이하,19602
제주공항,2023-10-31,관광,남성,20세 이하,1753
제주항,2023-10-31,관광,남성,20세 이하,289
기타공항,2023-10-31,관광,남성,21~30세,650
기타항구,2023-10-31,관광,남성,21~30세,374
김포,2023-10-31,관광,남성,21~30세,4346
김해,2023-10-31,관광,남성,21~30세,5272
부산,2023-10-31,관광,남성,21~30세,746
인천,2023-10-31,관광,남성,21~30세,132
인천공항,2023-10-31,관광,남성,21~30세,53273
제주공항,2023-10-31,관광,남성,21~30세,5702
제주항,2023-10-31,관광,남성,21~30세,210
기타공항,2023-10-31,관광,남성,31~40세,908
기타항구,2023-10-31,관광,남성,31~40세,785
김포,2023-10-31,관광,남성,31~40세,6798
김해,2023-10-31,관광,남성,31~40세,7603
부산,2023-10-31,관광,남성,31~40세,850
인천,2023-10-31,관광,남성,31~40세,384
인천공항,2023-10-31,관광,남성,31~40세,69661
제주공항,2023-10-31,관광,남성,31~40세,5526
제주항,2023-10-31,관광,남성,31~40세,576
기타공항,2023-10-31,관광,남성,41~50세,723
기타항구,2023-10-31,관광,남성,41~50세,932
김포,2023-10-31,관광,남성,41~50세,7012
김해,2023-10-31,관광,남성,41~50세,6804
부산,2023-10-31,관광,남성,41~50세,805
인천,2023-10-31,관광,남성,41~50세,794
인천공항,2023-10-31,관광,남성,41~50세,49513
제주공항,2023-10-31,관광,남성,41~50세,2489
제주항,2023-10-31,관광,남성,41~50세,537
기타공항,2023-10-31,관광,남성,51~60세,601
기타항구,2023-10-31,관광,남성,51~60세,1433
김포,2023-10-31,관광,남성,51~60세,6327
김해,2023-10-31,관광,남성,51~60세,5946
부산,2023-10-31,관광,남성,51~60세,1483
인천,2023-10-31,관광,남성,51~60세,1031
인천공항,2023-10-31,관광,남성,51~60세,40165
제주공항,2023-10-31,관광,남성,51~60세,2075
제주항,2023-10-31,관광,남성,51~60세,609
기타공항,2023-10-31,관광,남성,61세이상,609
기타항구,2023-10-31,관광,남성,61세이상,3837
김포,2023-10-31,관광,남성,61세이상,4601
김해,2023-10-31,관광,남성,61세이상,5546
부산,2023-10-31,관광,남성,61세이상,9747
인천,2023-10-31,관광,남성,61세이상,1467
인천공항,2023-10-31,관광,남성,61세이상,35815
제주공항,2023-10-31,관광,남성,61세이상,1888
제주항,2023-10-31,관광,남성,61세이상,1436
기타공항,2023-10-31,관광,여성,20세 이하,484
기타항구,2023-10-31,관광,여성,20세 이하,202
김포,2023-10-31,관광,여성,20세 이하,2620
김해,2023-10-31,관광,여성,20세 이하,2745
부산,2023-10-31,관광,여성,20세 이하,563
인천,2023-10-31,관광,여성,20세 이하,59
인천공항,2023-10-31,관광,여성,20세 이하,30244
제주공항,2023-10-31,관광,여성,20세 이하,2131
제주항,2023-10-31,관광,여성,20세 이하,273
기타공항,2023-10-31,관광,여성,21~30세,1445
기타항구,2023-10-31,관광,여성,21~30세,286
김포,2023-10-31,관광,여성,21~30세,12783
김해,2023-10-31,관광,여성,21~30세,10082
부산,2023-10-31,관광,여성,21~30세,1166
인천,2023-10-31,관광,여성,21~30세,158
인천공항,2023-10-31,관광,여성,21~30세,139386
제주공항,2023-10-31,관광,여성,21~30세,16258
제주항,2023-10-31,관광,여성,21~30세,305
기타공항,2023-10-31,관광,여성,31~40세,1381
기타항구,2023-10-31,관광,여성,31~40세,621
김포,2023-10-31,관광,여성,31~40세,10569
김해,2023-10-31,관광,여성,31~40세,10053
부산,2023-10-31,관광,여성,31~40세,1047
인천,2023-10-31,관광,여성,31~40세,308
인천공항,2023-10-31,관광,여성,31~40세,106335
제주공항,2023-10-31,관광,여성,31~40세,10764
제주항,2023-10-31,관광,여성,31~40세,819
기타공항,2023-10-31,관광,여성,41~50세,1262
기타항구,2023-10-31,관광,여성,41~50세,916
김포,2023-10-31,관광,여성,41~50세,7269
김해,2023-10-31,관광,여성,41~50세,8493
부산,2023-10-31,관광,여성,41~50세,1254
인천,2023-10-31,관광,여성,41~50세,501
인천공항,2023-10-31,관광,여성,41~50세,65322
제주공항,2023-10-31,관광,여성,41~50세,3695
제주항,2023-10-31,관광,여성,41~50세,873
기타공항,2023-10-31,관광,여성,51~60세,1058
기타항구,2023-10-31,관광,여성,51~60세,2005
김포,2023-10-31,관광,여성,51~60세,7815
김해,2023-10-31,관광,여성,51~60세,8499
부산,2023-10-31,관광,여성,51~60세,2728
인천,2023-10-31,관광,여성,51~60세,1096
인천공항,2023-10-31,관광,여성,51~60세,60530
제주공항,2023-10-31,관광,여성,51~60세,3571
제주항,2023-10-31,관광,여성,51~60세,1066
기타공항,2023-10-31,관광,여성,61세이상,1003
기타항구,2023-10-31,관광,여성,61세이상,3664
김포,2023-10-31,관광,여성,61세이상,5713
김해,2023-10-31,관광,여성,61세이상,7390
부산,2023-10-31,관광,여성,61세이상,12452
인천,2023-10-31,관광,여성,61세이상,1210
인천공항,2023-10-31,관광,여성,61세이상,48902
제주공항,2023-10-31,관광,여성,61세이상,2620
제주항,2023-10-31,관광,여성,61세이상,1938
기타공항,2023-11-30,관광,남성,20세 이하,309
기타항구,2023-11-30,관광,남성,20세 이하,143
김포,2023-11-30,관광,남성,20세 이하,1335
김해,2023-11-30,관광,남성,20세 이하,2139
부산,2023-11-30,관광,남성,20세 이하,367
인천,2023-11-30,관광,남성,20세 이하,39
인천공항,2023-11-30,관광,남성,20세 이하,20290
제주공항,2023-11-30,관광,남성,20세 이하,1317
제주항,2023-11-30,관광,남성,20세 이하,45
기타공항,2023-11-30,관광,남성,21~30세,583
기타항구,2023-11-30,관광,남성,21~30세,260
김포,2023-11-30,관광,남성,21~30세,4642
김해,2023-11-30,관광,남성,21~30세,5442
부산,2023-11-30,관광,남성,21~30세,686
인천,2023-11-30,관광,남성,21~30세,166
인천공항,2023-11-30,관광,남성,21~30세,52783
제주공항,2023-11-30,관광,남성,21~30세,4582
제주항,2023-11-30,관광,남성,21~30세,125
기타공항,2023-11-30,관광,남성,31~40세,703
기타항구,2023-11-30,관광,남성,31~40세,593
김포,2023-11-30,관광,남성,31~40세,6859
김해,2023-11-30,관광,남성,31~40세,6950
부산,2023-11-30,관광,남성,31~40세,729
인천,2023-11-30,관광,남성,31~40세,490
인천공항,2023-11-30,관광,남성,31~40세,62686
제주공항,2023-11-30,관광,남성,31~40세,4591
제주항,2023-11-30,관광,남성,31~40세,204
기타공항,2023-11-30,관광,남성,41~50세,615
기타항구,2023-11-30,관광,남성,41~50세,809
김포,2023-11-30,관광,남성,41~50세,7258
김해,2023-11-30,관광,남성,41~50세,6228
부산,2023-11-30,관광,남성,41~50세,777
인천,2023-11-30,관광,남성,41~50세,797
인천공항,2023-11-30,관광,남성,41~50세,46319
제주공항,2023-11-30,관광,남성,41~50세,2471
제주항,2023-11-30,관광,남성,41~50세,180
기타공항,2023-11-30,관광,남성,51~60세,581
기타항구,2023-11-30,관광,남성,51~60세,1402
김포,2023-11-30,관광,남성,51~60세,6344
김해,2023-11-30,관광,남성,51~60세,5498
부산,2023-11-30,관광,남성,51~60세,1270
인천,2023-11-30,관광,남성,51~60세,1017
인천공항,2023-11-30,관광,남성,51~60세,35748
제주공항,2023-11-30,관광,남성,51~60세,1900
제주항,2023-11-30,관광,남성,51~60세,422
기타공항,2023-11-30,관광,남성,61세이상,725
기타항구,2023-11-30,관광,남성,61세이상,4561
김포,2023-11-30,관광,남성,61세이상,4054
김해,2023-11-30,관광,남성,61세이상,5490
부산,2023-11-30,관광,남성,61세이상,6120
인천,2023-11-30,관광,남성,61세이상,1411
인천공항,2023-11-30,관광,남성,61세이상,26952
제주공항,2023-11-30,관광,남성,61세이상,1935
제주항,2023-11-30,관광,남성,61세이상,1865
기타공항,2023-11-30,관광,여성,20세 이하,416
기타항구,2023-11-30,관광,여성,20세 이하,116
김포,2023-11-30,관광,여성,20세 이하,2714
김해,2023-11-30,관광,여성,20세 이하,2602
부산,2023-11-30,관광,여성,20세 이하,501
인천,2023-11-30,관광,여성,20세 이하,60
인천공항,2023-11-30,관광,여성,20세 이하,32982
제주공항,2023-11-30,관광,여성,20세 이하,1736
제주항,2023-11-30,관광,여성,20세 이하,53
기타공항,2023-11-30,관광,여성,21~30세,1189
기타항구,2023-11-30,관광,여성,21~30세,179
김포,2023-11-30,관광,여성,21~30세,13439
김해,2023-11-30,관광,여성,21~30세,9050
부산,2023-11-30,관광,여성,21~30세,957
인천,2023-11-30,관광,여성,21~30세,329
인천공항,2023-11-30,관광,여성,21~30세,137892
제주공항,2023-11-30,관광,여성,21~30세,12743
제주항,2023-11-30,관광,여성,21~30세,181
기타공항,2023-11-30,관광,여성,31~40세,1204
기타항구,2023-11-30,관광,여성,31~40세,429
김포,2023-11-30,관광,여성,31~40세,11095
김해,2023-11-30,관광,여성,31~40세,8543
부산,2023-11-30,관광,여성,31~40세,860
인천,2023-11-30,관광,여성,31~40세,556
인천공항,2023-11-30,관광,여성,31~40세,98178
제주공항,2023-11-30,관광,여성,31~40세,8973
제주항,2023-11-30,관광,여성,31~40세,233
기타공항,2023-11-30,관광,여성,41~50세,1253
기타항구,2023-11-30,관광,여성,41~50세,689
김포,2023-11-30,관광,여성,41~50세,7963
김해,2023-11-30,관광,여성,41~50세,7728
부산,2023-11-30,관광,여성,41~50세,1116
인천,2023-11-30,관광,여성,41~50세,673
인천공항,2023-11-30,관광,여성,41~50세,62794
제주공항,2023-11-30,관광,여성,41~50세,3569
제주항,2023-11-30,관광,여성,41~50세,262
기타공항,2023-11-30,관광,여성,51~60세,1075
기타항구,2023-11-30,관광,여성,51~60세,2119
김포,2023-11-30,관광,여성,51~60세,8067
김해,2023-11-30,관광,여성,51~60세,8053
부산,2023-11-30,관광,여성,51~60세,2142
인천,2023-11-30,관광,여성,51~60세,1166
인천공항,2023-11-30,관광,여성,51~60세,53950
제주공항,2023-11-30,관광,여성,51~60세,3181
제주항,2023-11-30,관광,여성,51~60세,808
기타공항,2023-11-30,관광,여성,61세이상,1093
기타항구,2023-11-30,관광,여성,61세이상,4114
김포,2023-11-30,관광,여성,61세이상,5144
김해,2023-11-30,관광,여성,61세이상,7142
부산,2023-11-30,관광,여성,61세이상,8305
인천,2023-11-30,관광,여성,61세이상,1103
인천공항,2023-11-30,관광,여성,61세이상,35586
제주공항,2023-11-30,관광,여성,61세이상,2672
제주항,2023-11-30,관광,여성,61세이상,2249
기타공항,2023-12-31,관광,남성,20세 이하,553
기타항구,2023-12-31,관광,남성,20세 이하,183
김포,2023-12-31,관광,남성,20세 이하,2110
김해,2023-12-31,관광,남성,20세 이하,3027
부산,2023-12-31,관광,남성,20세 이하,386
인천,2023-12-31,관광,남성,20세 이하,103
인천공항,2023-12-31,관광,남성,20세 이하,40765
제주공항,2023-12-31,관광,남성,20세 이하,2103
제주항,2023-12-31,관광,남성,20세 이하,249
기타공항,2023-12-31,관광,남성,21~30세,609
기타항구,2023-12-31,관광,남성,21~30세,376
김포,2023-12-31,관광,남성,21~30세,4746
김해,2023-12-31,관광,남성,21~30세,4833
부산,2023-12-31,관광,남성,21~30세,309
인천,2023-12-31,관광,남성,21~30세,105
인천공항,2023-12-31,관광,남성,21~30세,55639
제주공항,2023-12-31,관광,남성,21~30세,6293
제주항,2023-12-31,관광,남성,21~30세,208
기타공항,2023-12-31,관광,남성,31~40세,761
기타항구,2023-12-31,관광,남성,31~40세,885
김포,2023-12-31,관광,남성,31~40세,6083
김해,2023-12-31,관광,남성,31~40세,5660
부산,2023-12-31,관광,남성,31~40세,252
인천,2023-12-31,관광,남성,31~40세,358
인천공항,2023-12-31,관광,남성,31~40세,54908
제주공항,2023-12-31,관광,남성,31~40세,4952
제주항,2023-12-31,관광,남성,31~40세,471
기타공항,2023-12-31,관광,남성,41~50세,739
기타항구,2023-12-31,관광,남성,41~50세,979
김포,2023-12-31,관광,남성,41~50세,6106
김해,2023-12-31,관광,남성,41~50세,5136
부산,2023-12-31,관광,남성,41~50세,364
인천,2023-12-31,관광,남성,41~50세,807
인천공항,2023-12-31,관광,남성,41~50세,43655
제주공항,2023-12-31,관광,남성,41~50세,2370
제주항,2023-12-31,관광,남성,41~50세,370
기타공항,2023-12-31,관광,남성,51~60세,470
기타항구,2023-12-31,관광,남성,51~60세,1352
김포,2023-12-31,관광,남성,51~60세,5052
김해,2023-12-31,관광,남성,51~60세,4252
부산,2023-12-31,관광,남성,51~60세,367
인천,2023-12-31,관광,남성,51~60세,1144
인천공항,2023-12-31,관광,남성,51~60세,29767
제주공항,2023-12-31,관광,남성,51~60세,1747
제주항,2023-12-31,관광,남성,51~60세,627
기타공항,2023-12-31,관광,남성,61세이상,473
기타항구,2023-12-31,관광,남성,61세이상,4046
김포,2023-12-31,관광,남성,61세이상,2786
김해,2023-12-31,관광,남성,61세이상,3491
부산,2023-12-31,관광,남성,61세이상,366
인천,2023-12-31,관광,남성,61세이상,1786
인천공항,2023-12-31,관광,남성,61세이상,16809
제주공항,2023-12-31,관광,남성,61세이상,1494
제주항,2023-12-31,관광,남성,61세이상,1435
기타공항,2023-12-31,관광,여성,20세 이하,597
기타항구,2023-12-31,관광,여성,20세 이하,139
김포,2023-12-31,관광,여성,20세 이하,4195
김해,2023-12-31,관광,여성,20세 이하,3616
부산,2023-12-31,관광,여성,20세 이하,364
인천,2023-12-31,관광,여성,20세 이하,89
인천공항,2023-12-31,관광,여성,20세 이하,58137
제주공항,2023-12-31,관광,여성,20세 이하,2671
제주항,2023-12-31,관광,여성,20세 이하,200
기타공항,2023-12-31,관광,여성,21~30세,1209
기타항구,2023-12-31,관광,여성,21~30세,324
김포,2023-12-31,관광,여성,21~30세,12816
김해,2023-12-31,관광,여성,21~30세,8140
부산,2023-12-31,관광,여성,21~30세,366
인천,2023-12-31,관광,여성,21~30세,181
인천공항,2023-12-31,관광,여성,21~30세,126384
제주공항,2023-12-31,관광,여성,21~30세,15402
제주항,2023-12-31,관광,여성,21~30세,435
기타공항,2023-12-31,관광,여성,31~40세,1317
기타항구,2023-12-31,관광,여성,31~40세,681
김포,2023-12-31,관광,여성,31~40세,9894
김해,2023-12-31,관광,여성,31~40세,7215
부산,2023-12-31,관광,여성,31~40세,285
인천,2023-12-31,관광,여성,31~40세,287
인천공항,2023-12-31,관광,여성,31~40세,85216
제주공항,2023-12-31,관광,여성,31~40세,9270
제주항,2023-12-31,관광,여성,31~40세,1184
기타공항,2023-12-31,관광,여성,41~50세,1255
기타항구,2023-12-31,관광,여성,41~50세,816
김포,2023-12-31,관광,여성,41~50세,7126
김해,2023-12-31,관광,여성,41~50세,6530
부산,2023-12-31,관광,여성,41~50세,316
인천,2023-12-31,관광,여성,41~50세,517
인천공항,2023-12-31,관광,여성,41~50세,59319
제주공항,2023-12-31,관광,여성,41~50세,3609
제주항,2023-12-31,관광,여성,41~50세,742
기타공항,2023-12-31,관광,여성,51~60세,922
기타항구,2023-12-31,관광,여성,51~60세,1928
김포,2023-12-31,관광,여성,51~60세,6216
김해,2023-12-31,관광,여성,51~60세,5420
부산,2023-12-31,관광,여성,51~60세,352
인천,2023-12-31,관광,여성,51~60세,1276
인천공항,2023-12-31,관광,여성,51~60세,40891
제주공항,2023-12-31,관광,여성,51~60세,2832
제주항,2023-12-31,관광,여성,51~60세,1230
기타공항,2023-12-31,관광,여성,61세이상,742
기타항구,2023-12-31,관광,여성,61세이상,3360
김포,2023-12-31,관광,여성,61세이상,3224
김해,2023-12-31,관광,여성,61세이상,4003
부산,2023-12-31,관광,여성,61세이상,327
인천,2023-12-31,관광,여성,61세이상,1488
인천공항,2023-12-31,관광,여성,61세이상,21906
제주공항,2023-12-31,관광,여성,61세이상,2087
제주항,2023-12-31,관광,여성,61세이상,1809
기타공항,2024-01-31,관광,남성,20세 이하,893
기타항구,2024-01-31,관광,남성,20세 이하,933
김포,2024-01-31,관광,남성,20세 이하,2077
김해,2024-01-31,관광,남성,20세 이하,2864
부산,2024-01-31,관광,남성,20세 이하,197
인천,2024-01-31,관광,남성,20세 이하,778
인천공항,2024-01-31,관광,남성,20세 이하,25746
제주공항,2024-01-31,관광,남성,20세 이하,3070
제주항,2024-01-31,관광,남성,20세 이하,563
기타공항,2024-01-31,관광,남성,21~30세,464
기타항구,2024-01-31,관광,남성,21~30세,648
김포,2024-01-31,관광,남성,21~30세,3459
김해,2024-01-31,관광,남성,21~30세,3414
부산,2024-01-31,관광,남성,21~30세,283
인천,2024-01-31,관광,남성,21~30세,163
인천공항,2024-01-31,관광,남성,21~30세,39314
제주공항,2024-01-31,관광,남성,21~30세,7264
제주항,2024-01-31,관광,남성,21~30세,110
기타공항,2024-01-31,관광,남성,31~40세,560
기타항구,2024-01-31,관광,남성,31~40세,1304
김포,2024-01-31,관광,남성,31~40세,4838
김해,2024-01-31,관광,남성,31~40세,4520
부산,2024-01-31,관광,남성,31~40세,243
인천,2024-01-31,관광,남성,31~40세,423
인천공항,2024-01-31,관광,남성,31~40세,43297
제주공항,2024-01-31,관광,남성,31~40세,5182
제주항,2024-01-31,관광,남성,31~40세,311
기타공항,2024-01-31,관광,남성,41~50세,773
기타항구,2024-01-31,관광,남성,41~50세,1300
김포,2024-01-31,관광,남성,41~50세,5523
김해,2024-01-31,관광,남성,41~50세,4768
부산,2024-01-31,관광,남성,41~50세,280
인천,2024-01-31,관광,남성,41~50세,839
인천공항,2024-01-31,관광,남성,41~50세,34594
제주공항,2024-01-31,관광,남성,41~50세,2525
제주항,2024-01-31,관광,남성,41~50세,346
기타공항,2024-01-31,관광,남성,51~60세,405
기타항구,2024-01-31,관광,남성,51~60세,1827
김포,2024-01-31,관광,남성,51~60세,4484
김해,2024-01-31,관광,남성,51~60세,3459
부산,2024-01-31,관광,남성,51~60세,322
인천,2024-01-31,관광,남성,51~60세,1274
인천공항,2024-01-31,관광,남성,51~60세,25014
제주공항,2024-01-31,관광,남성,51~60세,1348
제주항,2024-01-31,관광,남성,51~60세,275
기타공항,2024-01-31,관광,남성,61세이상,265
기타항구,2024-01-31,관광,남성,61세이상,9301
김포,2024-01-31,관광,남성,61세이상,2351
김해,2024-01-31,관광,남성,61세이상,2531
부산,2024-01-31,관광,남성,61세이상,318
인천,2024-01-31,관광,남성,61세이상,2514
인천공항,2024-01-31,관광,남성,61세이상,15063
제주공항,2024-01-31,관광,남성,61세이상,1209
제주항,2024-01-31,관광,남성,61세이상,1118
기타공항,2024-01-31,관광,여성,20세 이하,984
기타항구,2024-01-31,관광,여성,20세 이하,902
김포,2024-01-31,관광,여성,20세 이하,3567
김해,2024-01-31,관광,여성,20세 이하,3484
부산,2024-01-31,관광,여성,20세 이하,237
인천,2024-01-31,관광,여성,20세 이하,658
인천공항,2024-01-31,관광,여성,20세 이하,35205
제주공항,2024-01-31,관광,여성,20세 이하,4409
제주항,2024-01-31,관광,여성,20세 이하,539
기타공항,2024-01-31,관광,여성,21~30세,924
기타항구,2024-01-31,관광,여성,21~30세,668
김포,2024-01-31,관광,여성,21~30세,9554
김해,2024-01-31,관광,여성,21~30세,5904
부산,2024-01-31,관광,여성,21~30세,370
인천,2024-01-31,관광,여성,21~30세,236
인천공항,2024-01-31,관광,여성,21~30세,88440
제주공항,2024-01-31,관광,여성,21~30세,19857
제주항,2024-01-31,관광,여성,21~30세,164
기타공항,2024-01-31,관광,여성,31~40세,979
기타항구,2024-01-31,관광,여성,31~40세,1329
김포,2024-01-31,관광,여성,31~40세,7799
김해,2024-01-31,관광,여성,31~40세,4756
부산,2024-01-31,관광,여성,31~40세,262
인천,2024-01-31,관광,여성,31~40세,487
인천공항,2024-01-31,관광,여성,31~40세,67792
제주공항,2024-01-31,관광,여성,31~40세,11128
제주항,2024-01-31,관광,여성,31~40세,511
기타공항,2024-01-31,관광,여성,41~50세,1222
기타항구,2024-01-31,관광,여성,41~50세,1321
김포,2024-01-31,관광,여성,41~50세,5953
김해,2024-01-31,관광,여성,41~50세,5361
부산,2024-01-31,관광,여성,41~50세,281
인천,2024-01-31,관광,여성,41~50세,682
인천공항,2024-01-31,관광,여성,41~50세,43620
제주공항,2024-01-31,관광,여성,41~50세,4095
제주항,2024-01-31,관광,여성,41~50세,542
기타공항,2024-01-31,관광,여성,51~60세,611
기타항구,2024-01-31,관광,여성,51~60세,3358
김포,2024-01-31,관광,여성,51~60세,4857
김해,2024-01-31,관광,여성,51~60세,3775
부산,2024-01-31,관광,여성,51~60세,334
인천,2024-01-31,관광,여성,51~60세,1346
인천공항,2024-01-31,관광,여성,51~60세,31033
제주공항,2024-01-31,관광,여성,51~60세,2447
제주항,2024-01-31,관광,여성,51~60세,569
기타공항,2024-01-31,관광,여성,61세이상,489
기타항구,2024-01-31,관광,여성,61세이상,8869
김포,2024-01-31,관광,여성,61세이상,2587
김해,2024-01-31,관광,여성,61세이상,2611
부산,2024-01-31,관광,여성,61세이상,267
인천,2024-01-31,관광,여성,61세이상,2050
인천공항,2024-01-31,관광,여성,61세이상,17235
제주공항,2024-01-31,관광,여성,61세이상,1774
제주항,2024-01-31,관광,여성,61세이상,1462
기타공항,2024-02-29,관광,남성,20세 이하,983
기타항구,2024-02-29,관광,남성,20세 이하,2366
김포,2024-02-29,관광,남성,20세 이하,1967
김해,2024-02-29,관광,남성,20세 이하,2989
부산,2024-02-29,관광,남성,20세 이하,188
인천,2024-02-29,관광,남성,20세 이하,508
인천공항,2024-02-29,관광,남성,20세 이하,28955
제주공항,2024-02-29,관광,남성,20세 이하,4538
제주항,2024-02-29,관광,남성,20세 이하,308
기타공항,2024-02-29,관광,남성,21~30세,797
기타항구,2024-02-29,관광,남성,21~30세,706
김포,2024-02-29,관광,남성,21~30세,3882
김해,2024-02-29,관광,남성,21~30세,4197
부산,2024-02-29,관광,남성,21~30세,571
인천,2024-02-29,관광,남성,21~30세,104
인천공항,2024-02-29,관광,남성,21~30세,45156
제주공항,2024-02-29,관광,남성,21~30세,7572
제주항,2024-02-29,관광,남성,21~30세,60
기타공항,2024-02-29,관광,남성,31~40세,774
기타항구,2024-02-29,관광,남성,31~40세,1724
김포,2024-02-29,관광,남성,31~40세,5029
김해,2024-02-29,관광,남성,31~40세,5045
부산,2024-02-29,관광,남성,31~40세,287
인천,2024-02-29,관광,남성,31~40세,291
인천공항,2024-02-29,관광,남성,31~40세,48198
제주공항,2024-02-29,관광,남성,31~40세,6327
제주항,2024-02-29,관광,남성,31~40세,161
기타공항,2024-02-29,관광,남성,41~50세,912
기타항구,2024-02-29,관광,남성,41~50세,1724
김포,2024-02-29,관광,남성,41~50세,5203
김해,2024-02-29,관광,남성,41~50세,4883
부산,2024-02-29,관광,남성,41~50세,278
인천,2024-02-29,관광,남성,41~50세,465
인천공항,2024-02-29,관광,남성,41~50세,36584
제주공항,2024-02-29,관광,남성,41~50세,3096
제주항,2024-02-29,관광,남성,41~50세,171
기타공항,2024-02-29,관광,남성,51~60세,618
기타항구,2024-02-29,관광,남성,51~60세,1465
김포,2024-02-29,관광,남성,51~60세,4394
김해,2024-02-29,관광,남성,51~60세,4030
부산,2024-02-29,관광,남성,51~60세,344
인천,2024-02-29,관광,남성,51~60세,653
인천공항,2024-02-29,관광,남성,51~60세,26449
제주공항,2024-02-29,관광,남성,51~60세,1846
제주항,2024-02-29,관광,남성,51~60세,136
기타공항,2024-02-29,관광,남성,61세이상,412
기타항구,2024-02-29,관광,남성,61세이상,5154
김포,2024-02-29,관광,남성,61세이상,2635
김해,2024-02-29,관광,남성,61세이상,3137
부산,2024-02-29,관광,남성,61세이상,1255
인천,2024-02-29,관광,남성,61세이상,1725
인천공항,2024-02-29,관광,남성,61세이상,17045
제주공항,2024-02-29,관광,남성,61세이상,1747
제주항,2024-02-29,관광,남성,61세이상,593
기타공항,2024-02-29,관광,여성,20세 이하,1070
기타항구,2024-02-29,관광,여성,20세 이하,2179
김포,2024-02-29,관광,여성,20세 이하,4010
김해,2024-02-29,관광,여성,20세 이하,3530
부산,2024-02-29,관광,여성,20세 이하,253
인천,2024-02-29,관광,여성,20세 이하,438
인천공항,2024-02-29,관광,여성,20세 이하,42314
제주공항,2024-02-29,관광,여성,20세 이하,5931
제주항,2024-02-29,관광,여성,20세 이하,310
기타공항,2024-02-29,관광,여성,21~30세,1430
기타항구,2024-02-29,관광,여성,21~30세,850
김포,2024-02-29,관광,여성,21~30세,12083
김해,2024-02-29,관광,여성,21~30세,7843
부산,2024-02-29,관광,여성,21~30세,591
인천,2024-02-29,관광,여성,21~30세,191
인천공항,2024-02-29,관광,여성,21~30세,110511
제주공항,2024-02-29,관광,여성,21~30세,19541
제주항,2024-02-29,관광,여성,21~30세,111
기타공항,2024-02-29,관광,여성,31~40세,1283
기타항구,2024-02-29,관광,여성,31~40세,2225
김포,2024-02-29,관광,여성,31~40세,7799
김해,2024-02-29,관광,여성,31~40세,6312
부산,2024-02-29,관광,여성,31~40세,283
인천,2024-02-29,관광,여성,31~40세,338
인천공항,2024-02-29,관광,여성,31~40세,70469
제주공항,2024-02-29,관광,여성,31~40세,11523
제주항,2024-02-29,관광,여성,31~40세,297
기타공항,2024-02-29,관광,여성,41~50세,1468
기타항구,2024-02-29,관광,여성,41~50세,1982
김포,2024-02-29,관광,여성,41~50세,6002
김해,2024-02-29,관광,여성,41~50세,5625
부산,2024-02-29,관광,여성,41~50세,310
인천,2024-02-29,관광,여성,41~50세,432
인천공항,2024-02-29,관광,여성,41~50세,47198
제주공항,2024-02-29,관광,여성,41~50세,4807
제주항,2024-02-29,관광,여성,41~50세,273
기타공항,2024-02-29,관광,여성,51~60세,905
기타항구,2024-02-29,관광,여성,51~60세,2418
김포,2024-02-29,관광,여성,51~60세,5456
김해,2024-02-29,관광,여성,51~60세,4557
부산,2024-02-29,관광,여성,51~60세,439
인천,2024-02-29,관광,여성,51~60세,894
인천공항,2024-02-29,관광,여성,51~60세,35189
제주공항,2024-02-29,관광,여성,51~60세,3344
제주항,2024-02-29,관광,여성,51~60세,330
기타공항,2024-02-29,관광,여성,61세이상,574
기타항구,2024-02-29,관광,여성,61세이상,5321
김포,2024-02-29,관광,여성,61세이상,2753
김해,2024-02-29,관광,여성,61세이상,3183
부산,2024-02-29,관광,여성,61세이상,1283
인천,2024-02-29,관광,여성,61세이상,1357
인천공항,2024-02-29,관광,여성,61세이상,20281
제주공항,2024-02-29,관광,여성,61세이상,2315
제주항,2024-02-29,관광,여성,61세이상,893
기타공항,2024-03-31,관광,남성,20세 이하,506
기타항구,2024-03-31,관광,남성,20세 이하,692
김포,2024-03-31,관광,남성,20세 이하,2841
김해,2024-03-31,관광,남성,20세 이하,3242
부산,2024-03-31,관광,남성,20세 이하,1102
인천,2024-03-31,관광,남성,20세 이하,51
인천공항,2024-03-31,관광,남성,20세 이하,34232
제주공항,2024-03-31,관광,남성,20세 이하,2191
제주항,2024-03-31,관광,남성,20세 이하,93
기타공항,2024-03-31,관광,남성,21~30세,981
기타항구,2024-03-31,관광,남성,21~30세,943
김포,2024-03-31,관광,남성,21~30세,4576
김해,2024-03-31,관광,남성,21~30세,5552
부산,2024-03-31,관광,남성,21~30세,1125
인천,2024-03-31,관광,남성,21~30세,162
인천공항,2024-03-31,관광,남성,21~30세,63149
제주공항,2024-03-31,관광,남성,21~30세,8187
제주항,2024-03-31,관광,남성,21~30세,72
기타공항,2024-03-31,관광,남성,31~40세,952
기타항구,2024-03-31,관광,남성,31~40세,1563
김포,2024-03-31,관광,남성,31~40세,6326
김해,2024-03-31,관광,남성,31~40세,7237
부산,2024-03-31,관광,남성,31~40세,793
인천,2024-03-31,관광,남성,31~40세,505
인천공항,2024-03-31,관광,남성,31~40세,66977
제주공항,2024-03-31,관광,남성,31~40세,7062
제주항,2024-03-31,관광,남성,31~40세,168
기타공항,2024-03-31,관광,남성,41~50세,898
기타항구,2024-03-31,관광,남성,41~50세,1444
김포,2024-03-31,관광,남성,41~50세,7046
김해,2024-03-31,관광,남성,41~50세,6369
부산,2024-03-31,관광,남성,41~50세,774
인천,2024-03-31,관광,남성,41~50세,818
인천공항,2024-03-31,관광,남성,41~50세,51034
제주공항,2024-03-31,관광,남성,41~50세,2925
제주항,2024-03-31,관광,남성,41~50세,155
기타공항,2024-03-31,관광,남성,51~60세,829
기타항구,2024-03-31,관광,남성,51~60세,3091
김포,2024-03-31,관광,남성,51~60세,6173
김해,2024-03-31,관광,남성,51~60세,5645
부산,2024-03-31,관광,남성,51~60세,1092
인천,2024-03-31,관광,남성,51~60세,1935
인천공항,2024-03-31,관광,남성,51~60세,38817
제주공항,2024-03-31,관광,남성,51~60세,2202
제주항,2024-03-31,관광,남성,51~60세,402
기타공항,2024-03-31,관광,남성,61세이상,956
기타항구,2024-03-31,관광,남성,61세이상,21043
김포,2024-03-31,관광,남성,61세이상,3681
김해,2024-03-31,관광,남성,61세이상,5924
부산,2024-03-31,관광,남성,61세이상,6146
인천,2024-03-31,관광,남성,61세이상,12004
인천공항,2024-03-31,관광,남성,61세이상,30683
제주공항,2024-03-31,관광,남성,61세이상,2567
제주항,2024-03-31,관광,남성,61세이상,3838
기타공항,2024-03-31,관광,여성,20세 이하,696
기타항구,2024-03-31,관광,여성,20세 이하,613
김포,2024-03-31,관광,여성,20세 이하,7879
김해,2024-03-31,관광,여성,20세 이하,4718
부산,2024-03-31,관광,여성,20세 이하,1376
인천,2024-03-31,관광,여성,20세 이하,69
인천공항,2024-03-31,관광,여성,20세 이하,70529
제주공항,2024-03-31,관광,여성,20세 이하,3176
제주항,2024-03-31,관광,여성,20세 이하,88
기타공항,2024-03-31,관광,여성,21~30세,2238
기타항구,2024-03-31,관광,여성,21~30세,1144
김포,2024-03-31,관광,여성,21~30세,15155
김해,2024-03-31,관광,여성,21~30세,11279
부산,2024-03-31,관광,여성,21~30세,1490
인천,2024-03-31,관광,여성,21~30세,260
인천공항,2024-03-31,관광,여성,21~30세,175714
제주공항,2024-03-31,관광,여성,21~30세,26827
제주항,2024-03-31,관광,여성,21~30세,123
기타공항,2024-03-31,관광,여성,31~40세,1949
기타항구,2024-03-31,관광,여성,31~40세,2133
김포,2024-03-31,관광,여성,31~40세,10521
김해,2024-03-31,관광,여성,31~40세,10222
부산,2024-03-31,관광,여성,31~40세,949
인천,2024-03-31,관광,여성,31~40세,641
인천공항,2024-03-31,관광,여성,31~40세,109305
제주공항,2024-03-31,관광,여성,31~40세,15937
제주항,2024-03-31,관광,여성,31~40세,223
기타공항,2024-03-31,관광,여성,41~50세,1777
기타항구,2024-03-31,관광,여성,41~50세,2098
김포,2024-03-31,관광,여성,41~50세,8929
김해,2024-03-31,관광,여성,41~50세,9188
부산,2024-03-31,관광,여성,41~50세,1214
인천,2024-03-31,관광,여성,41~50세,1010
인천공항,2024-03-31,관광,여성,41~50세,73306
제주공항,2024-03-31,관광,여성,41~50세,5350
제주항,2024-03-31,관광,여성,41~50세,282
기타공항,2024-03-31,관광,여성,51~60세,1709
기타항구,2024-03-31,관광,여성,51~60세,8484
김포,2024-03-31,관광,여성,51~60세,7709
김해,2024-03-31,관광,여성,51~60세,9457
부산,2024-03-31,관광,여성,51~60세,1789
인천,2024-03-31,관광,여성,51~60세,5068
인천공항,2024-03-31,관광,여성,51~60세,58626
제주공항,2024-03-31,관광,여성,51~60세,5110
제주항,2024-03-31,관광,여성,51~60세,1105
기타공항,2024-03-31,관광,여성,61세이상,1798
기타항구,2024-03-31,관광,여성,61세이상,22372
김포,2024-03-31,관광,여성,61세이상,4517
김해,2024-03-31,관광,여성,61세이상,9013
부산,2024-03-31,관광,여성,61세이상,6918
인천,2024-03-31,관광,여성,61세이상,11268
인천공항,2024-03-31,관광,여성,61세이상,42039
제주공항,2024-03-31,관광,여성,61세이상,4026
제주항,2024-03-31,관광,여성,61세이상,4712
기타공항,2024-04-30,관광,남성,20세 이하,526
기타항구,2024-04-30,관광,남성,20세 이하,1319
김포,2024-04-30,관광,남성,20세 이하,1931
김해,2024-04-30,관광,남성,20세 이하,2934
부산,2024-04-30,관광,남성,20세 이하,910
인천,2024-04-30,관광,남성,20세 이하,58
인천공항,2024-04-30,관광,남성,20세 이하,28414
제주공항,2024-04-30,관광,남성,20세 이하,2875
제주항,2024-04-30,관광,남성,20세 이하,291
기타공항,2024-04-30,관광,남성,21~30세,750
기타항구,2024-04-30,관광,남성,21~30세,1157
김포,2024-04-30,관광,남성,21~30세,4812
김해,2024-04-30,관광,남성,21~30세,5687
부산,2024-04-30,관광,남성,21~30세,980
인천,2024-04-30,관광,남성,21~30세,169
인천공항,2024-04-30,관광,남성,21~30세,61102
제주공항,2024-04-30,관광,남성,21~30세,7497
제주항,2024-04-30,관광,남성,21~30세,224
기타공항,2024-04-30,관광,남성,31~40세,974
기타항구,2024-04-30,관광,남성,31~40세,2578
김포,2024-04-30,관광,남성,31~40세,7295
김해,2024-04-30,관광,남성,31~40세,8014
부산,2024-04-30,관광,남성,31~40세,1242
인천,2024-04-30,관광,남성,31~40세,420
인천공항,2024-04-30,관광,남성,31~40세,77776
제주공항,2024-04-30,관광,남성,31~40세,7087
제주항,2024-04-30,관광,남성,31~40세,490
기타공항,2024-04-30,관광,남성,41~50세,902
기타항구,2024-04-30,관광,남성,41~50세,2455
김포,2024-04-30,관광,남성,41~50세,7355
김해,2024-04-30,관광,남성,41~50세,6722
부산,2024-04-30,관광,남성,41~50세,1349
인천,2024-04-30,관광,남성,41~50세,827
인천공항,2024-04-30,관광,남성,41~50세,54665
제주공항,2024-04-30,관광,남성,41~50세,3284
제주항,2024-04-30,관광,남성,41~50세,606
기타공항,2024-04-30,관광,남성,51~60세,738
기타항구,2024-04-30,관광,남성,51~60세,3951
김포,2024-04-30,관광,남성,51~60세,6199
김해,2024-04-30,관광,남성,51~60세,5704
부산,2024-04-30,관광,남성,51~60세,2319
인천,2024-04-30,관광,남성,51~60세,1546
인천공항,2024-04-30,관광,남성,51~60세,41365
제주공항,2024-04-30,관광,남성,51~60세,2355
제주항,2024-04-30,관광,남성,51~60세,825
기타공항,2024-04-30,관광,남성,61세이상,758
기타항구,2024-04-30,관광,남성,61세이상,21363
김포,2024-04-30,관광,남성,61세이상,4471
김해,2024-04-30,관광,남성,61세이상,5822
부산,2024-04-30,관광,남성,61세이상,9706
인천,2024-04-30,관광,남성,61세이상,6376
인천공항,2024-04-30,관광,남성,61세이상,36446
제주공항,2024-04-30,관광,남성,61세이상,2702
제주항,2024-04-30,관광,남성,61세이상,4160
기타공항,2024-04-30,관광,여성,20세 이하,724
기타항구,2024-04-30,관광,여성,20세 이하,1307
김포,2024-04-30,관광,여성,20세 이하,3888
김해,2024-04-30,관광,여성,20세 이하,3549
부산,2024-04-30,관광,여성,20세 이하,988
인천,2024-04-30,관광,여성,20세 이하,66
인천공항,2024-04-30,관광,여성,20세 이하,46585
제주공항,2024-04-30,관광,여성,20세 이하,3824
제주항,2024-04-30,관광,여성,20세 이하,302
기타공항,2024-04-30,관광,여성,21~30세,1825
기타항구,2024-04-30,관광,여성,21~30세,1512
김포,2024-04-30,관광,여성,21~30세,13779
김해,2024-04-30,관광,여성,21~30세,10265
부산,2024-04-30,관광,여성,21~30세,1343
인천,2024-04-30,관광,여성,21~30세,260
인천공항,2024-04-30,관광,여성,21~30세,167261
제주공항,2024-04-30,관광,여성,21~30세,24398
제주항,2024-04-30,관광,여성,21~30세,306
기타공항,2024-04-30,관광,여성,31~40세,1737
기타항구,2024-04-30,관광,여성,31~40세,3614
김포,2024-04-30,관광,여성,31~40세,11996
김해,2024-04-30,관광,여성,31~40세,10706
부산,2024-04-30,관광,여성,31~40세,1515
인천,2024-04-30,관광,여성,31~40세,510
인천공항,2024-04-30,관광,여성,31~40세,125285
제주공항,2024-04-30,관광,여성,31~40세,15438
제주항,2024-04-30,관광,여성,31~40세,669
기타공항,2024-04-30,관광,여성,41~50세,1707
기타항구,2024-04-30,관광,여성,41~50세,3797
김포,2024-04-30,관광,여성,41~50세,8027
김해,2024-04-30,관광,여성,41~50세,8517
부산,2024-04-30,관광,여성,41~50세,1721
인천,2024-04-30,관광,여성,41~50세,825
인천공항,2024-04-30,관광,여성,41~50세,72641
제주공항,2024-04-30,관광,여성,41~50세,5873
제주항,2024-04-30,관광,여성,41~50세,872
기타공항,2024-04-30,관광,여성,51~60세,1314
기타항구,2024-04-30,관광,여성,51~60세,9679
김포,2024-04-30,관광,여성,51~60세,7107
김해,2024-04-30,관광,여성,51~60세,8133
부산,2024-04-30,관광,여성,51~60세,3424
인천,2024-04-30,관광,여성,51~60세,3141
인천공항,2024-04-30,관광,여성,51~60세,59828
제주공항,2024-04-30,관광,여성,51~60세,4876
제주항,2024-04-30,관광,여성,51~60세,1732
기타공항,2024-04-30,관광,여성,61세이상,1162
기타항구,2024-04-30,관광,여성,61세이상,24275
김포,2024-04-30,관광,여성,61세이상,5345
김해,2024-04-30,관광,여성,61세이상,7468
부산,2024-04-30,관광,여성,61세이상,11198
인천,2024-04-30,관광,여성,61세이상,6475
인천공항,2024-04-30,관광,여성,61세이상,49072
제주공항,2024-04-30,관광,여성,61세이상,3893
제주항,2024-04-30,관광,여성,61세이상,5131
기타공항,2024-05-31,관광,남성,20세 이하,466
기타항구,2024-05-31,관광,남성,20세 이하,1751
김포,2024-05-31,관광,남성,20세 이하,1603
김해,2024-05-31,관광,남성,20세 이하,3146
부산,2024-05-31,관광,남성,20세 이하,462
인천,2024-05-31,관광,남성,20세 이하,325
인천공항,2024-05-31,관광,남성,20세 이하,25974
제주공항,2024-05-31,관광,남성,20세 이하,2877
제주항,2024-05-31,관광,남성,20세 이하,280
기타공항,2024-05-31,관광,남성,21~30세,1000
기타항구,2024-05-31,관광,남성,21~30세,946
김포,2024-05-31,관광,남성,21~30세,4473
김해,2024-05-31,관광,남성,21~30세,6671
부산,2024-05-31,관광,남성,21~30세,919
인천,2024-05-31,관광,남성,21~30세,218
인천공항,2024-05-31,관광,남성,21~30세,63424
제주공항,2024-05-31,관광,남성,21~30세,8501
제주항,2024-05-31,관광,남성,21~30세,254
기타공항,2024-05-31,관광,남성,31~40세,988
기타항구,2024-05-31,관광,남성,31~40세,1950
김포,2024-05-31,관광,남성,31~40세,6791
김해,2024-05-31,관광,남성,31~40세,8325
부산,2024-05-31,관광,남성,31~40세,1043
인천,2024-05-31,관광,남성,31~40세,641
인천공항,2024-05-31,관광,남성,31~40세,70854
제주공항,2024-05-31,관광,남성,31~40세,7550
제주항,2024-05-31,관광,남성,31~40세,628
기타공항,2024-05-31,관광,남성,41~50세,897
기타항구,2024-05-31,관광,남성,41~50세,1999
김포,2024-05-31,관광,남성,41~50세,7026
김해,2024-05-31,관광,남성,41~50세,7067
부산,2024-05-31,관광,남성,41~50세,916
인천,2024-05-31,관광,남성,41~50세,1069
인천공항,2024-05-31,관광,남성,41~50세,49250
제주공항,2024-05-31,관광,남성,41~50세,3299
제주항,2024-05-31,관광,남성,41~50세,553
기타공항,2024-05-31,관광,남성,51~60세,741
기타항구,2024-05-31,관광,남성,51~60세,3534
김포,2024-05-31,관광,남성,51~60세,6014
김해,2024-05-31,관광,남성,51~60세,5927
부산,2024-05-31,관광,남성,51~60세,1303
인천,2024-05-31,관광,남성,51~60세,1502
인천공항,2024-05-31,관광,남성,51~60세,38627
제주공항,2024-05-31,관광,남성,51~60세,2606
제주항,2024-05-31,관광,남성,51~60세,775
기타공항,2024-05-31,관광,남성,61세이상,658
기타항구,2024-05-31,관광,남성,61세이상,21083
김포,2024-05-31,관광,남성,61세이상,4042
김해,2024-05-31,관광,남성,61세이상,5602
부산,2024-05-31,관광,남성,61세이상,5458
인천,2024-05-31,관광,남성,61세이상,3629
인천공항,2024-05-31,관광,남성,61세이상,31841
제주공항,2024-05-31,관광,남성,61세이상,2991
제주항,2024-05-31,관광,남성,61세이상,3417
기타공항,2024-05-31,관광,여성,20세 이하,587
기타항구,2024-05-31,관광,여성,20세 이하,1723
김포,2024-05-31,관광,여성,20세 이하,3076
김해,2024-05-31,관광,여성,20세 이하,4000
부산,2024-05-31,관광,여성,20세 이하,574
인천,2024-05-31,관광,여성,20세 이하,339
인천공항,2024-05-31,관광,여성,20세 이하,43389
제주공항,2024-05-31,관광,여성,20세 이하,4184
제주항,2024-05-31,관광,여성,20세 이하,324
기타공항,2024-05-31,관광,여성,21~30세,1985
기타항구,2024-05-31,관광,여성,21~30세,1328
김포,2024-05-31,관광,여성,21~30세,13532
김해,2024-05-31,관광,여성,21~30세,11898
부산,2024-05-31,관광,여성,21~30세,1254
인천,2024-05-31,관광,여성,21~30세,695
인천공항,2024-05-31,관광,여성,21~30세,166075
제주공항,2024-05-31,관광,여성,21~30세,30181
제주항,2024-05-31,관광,여성,21~30세,361
기타공항,2024-05-31,관광,여성,31~40세,1630
기타항구,2024-05-31,관광,여성,31~40세,2508
김포,2024-05-31,관광,여성,31~40세,11577
김해,2024-05-31,관광,여성,31~40세,10679
부산,2024-05-31,관광,여성,31~40세,1039
인천,2024-05-31,관광,여성,31~40세,1810
인천공항,2024-05-31,관광,여성,31~40세,113821
제주공항,2024-05-31,관광,여성,31~40세,16511
제주항,2024-05-31,관광,여성,31~40세,1002
기타공항,2024-05-31,관광,여성,41~50세,1429
기타항구,2024-05-31,관광,여성,41~50세,2745
김포,2024-05-31,관광,여성,41~50세,7887
김해,2024-05-31,관광,여성,41~50세,9016
부산,2024-05-31,관광,여성,41~50세,1092
인천,2024-05-31,관광,여성,41~50세,1743
인천공항,2024-05-31,관광,여성,41~50세,66528
제주공항,2024-05-31,관광,여성,41~50세,5832
제주항,2024-05-31,관광,여성,41~50세,1160
기타공항,2024-05-31,관광,여성,51~60세,1085
기타항구,2024-05-31,관광,여성,51~60세,7858
김포,2024-05-31,관광,여성,51~60세,7724
김해,2024-05-31,관광,여성,51~60세,8439
부산,2024-05-31,관광,여성,51~60세,1910
인천,2024-05-31,관광,여성,51~60세,2935
인천공항,2024-05-31,관광,여성,51~60세,58695
제주공항,2024-05-31,관광,여성,51~60세,5456
제주항,2024-05-31,관광,여성,51~60세,2113
기타공항,2024-05-31,관광,여성,61세이상,1016
기타항구,2024-05-31,관광,여성,61세이상,25844
김포,2024-05-31,관광,여성,61세이상,5572
김해,2024-05-31,관광,여성,61세이상,7235
부산,2024-05-31,관광,여성,61세이상,6972
인천,2024-05-31,관광,여성,61세이상,3607
인천공항,2024-05-31,관광,여성,61세이상,42806
제주공항,2024-05-31,관광,여성,61세이상,4069
제주항,2024-05-31,관광,여성,61세이상,5087
기타공항,2024-06-30,관광,남성,20세 이하,1160
기타항구,2024-06-30,관광,남성,20세 이하,1830
김포,2024-06-30,관광,남성,20세 이하,2582
김해,2024-06-30,관광,남성,20세 이하,5036
부산,2024-06-30,관광,남성,20세 이하,915
인천,2024-06-30,관광,남성,20세 이하,85
인천공항,2024-06-30,관광,남성,20세 이하,45425
제주공항,2024-06-30,관광,남성,20세 이하,4943
제주항,2024-06-30,관광,남성,20세 이하,679
기타공항,2024-06-30,관광,남성,21~30세,975
기타항구,2024-06-30,관광,남성,21~30세,1243
김포,2024-06-30,관광,남성,21~30세,4898
김해,2024-06-30,관광,남성,21~30세,6160
부산,2024-06-30,관광,남성,21~30세,905
인천,2024-06-30,관광,남성,21~30세,102
인천공항,2024-06-30,관광,남성,21~30세,60014
제주공항,2024-06-30,관광,남성,21~30세,8225
제주항,2024-06-30,관광,남성,21~30세,290
기타공항,2024-06-30,관광,남성,31~40세,977
기타항구,2024-06-30,관광,남성,31~40세,2258
김포,2024-06-30,관광,남성,31~40세,6715
김해,2024-06-30,관광,남성,31~40세,7570
부산,2024-06-30,관광,남성,31~40세,857
인천,2024-06-30,관광,남성,31~40세,235
인천공항,2024-06-30,관광,남성,31~40세,62004
제주공항,2024-06-30,관광,남성,31~40세,7482
제주항,2024-06-30,관광,남성,31~40세,452
기타공항,2024-06-30,관광,남성,41~50세,1128
기타항구,2024-06-30,관광,남성,41~50세,2509
김포,2024-06-30,관광,남성,41~50세,7474
김해,2024-06-30,관광,남성,41~50세,7674
부산,2024-06-30,관광,남성,41~50세,887
인천,2024-06-30,관광,남성,41~50세,556
인천공항,2024-06-30,관광,남성,41~50세,53163
제주공항,2024-06-30,관광,남성,41~50세,3980
제주항,2024-06-30,관광,남성,41~50세,501
기타공항,2024-06-30,관광,남성,51~60세,767
기타항구,2024-06-30,관광,남성,51~60세,3902
김포,2024-06-30,관광,남성,51~60세,6149
김해,2024-06-30,관광,남성,51~60세,5918
부산,2024-06-30,관광,남성,51~60세,1155
인천,2024-06-30,관광,남성,51~60세,746
인천공항,2024-06-30,관광,남성,51~60세,38749
제주공항,2024-06-30,관광,남성,51~60세,2648
제주항,2024-06-30,관광,남성,51~60세,852
기타공항,2024-06-30,관광,남성,61세이상,656
기타항구,2024-06-30,관광,남성,61세이상,13374
김포,2024-06-30,관광,남성,61세이상,3630
김해,2024-06-30,관광,남성,61세이상,5010
부산,2024-06-30,관광,남성,61세이상,3744
인천,2024-06-30,관광,남성,61세이상,1587
인천공항,2024-06-30,관광,남성,61세이상,25186
제주공항,2024-06-30,관광,남성,61세이상,2574
제주항,2024-06-30,관광,남성,61세이상,3723
기타공항,2024-06-30,관광,여성,20세 이하,1327
기타항구,2024-06-30,관광,여성,20세 이하,1838
김포,2024-06-30,관광,여성,20세 이하,4534
김해,2024-06-30,관광,여성,20세 이하,6390
부산,2024-06-30,관광,여성,20세 이하,1078
인천,2024-06-30,관광,여성,20세 이하,106
인천공항,2024-06-30,관광,여성,20세 이하,69766
제주공항,2024-06-30,관광,여성,20세 이하,7572
제주항,2024-06-30,관광,여성,20세 이하,652
기타공항,2024-06-30,관광,여성,21~30세,2165
기타항구,2024-06-30,관광,여성,21~30세,1619
김포,2024-06-30,관광,여성,21~30세,14675
김해,2024-06-30,관광,여성,21~30세,12226
부산,2024-06-30,관광,여성,21~30세,1840
인천,2024-06-30,관광,여성,21~30세,120
인천공항,2024-06-30,관광,여성,21~30세,166714
제주공항,2024-06-30,관광,여성,21~30세,28489
제주항,2024-06-30,관광,여성,21~30세,402
기타공항,2024-06-30,관광,여성,31~40세,1948
기타항구,2024-06-30,관광,여성,31~40세,3448
김포,2024-06-30,관광,여성,31~40세,11309
김해,2024-06-30,관광,여성,31~40세,10566
부산,2024-06-30,관광,여성,31~40세,1647
인천,2024-06-30,관광,여성,31~40세,255
인천공항,2024-06-30,관광,여성,31~40세,108442
제주공항,2024-06-30,관광,여성,31~40세,16897
제주항,2024-06-30,관광,여성,31~40세,951
기타공항,2024-06-30,관광,여성,41~50세,1982
기타항구,2024-06-30,관광,여성,41~50세,4270
김포,2024-06-30,관광,여성,41~50세,8677
김해,2024-06-30,관광,여성,41~50세,10146
부산,2024-06-30,관광,여성,41~50세,1299
인천,2024-06-30,관광,여성,41~50세,512
인천공항,2024-06-30,관광,여성,41~50세,76390
제주공항,2024-06-30,관광,여성,41~50세,6978
제주항,2024-06-30,관광,여성,41~50세,908
기타공항,2024-06-30,관광,여성,51~60세,1289
기타항구,2024-06-30,관광,여성,51~60세,8392
김포,2024-06-30,관광,여성,51~60세,7674
김해,2024-06-30,관광,여성,51~60세,8031
부산,2024-06-30,관광,여성,51~60세,1991
인천,2024-06-30,관광,여성,51~60세,1154
인천공항,2024-06-30,관광,여성,51~60세,57401
제주공항,2024-06-30,관광,여성,51~60세,5402
제주항,2024-06-30,관광,여성,51~60세,2051
기타공항,2024-06-30,관광,여성,61세이상,1092
기타항구,2024-06-30,관광,여성,61세이상,15581
김포,2024-06-30,관광,여성,61세이상,4518
김해,2024-06-30,관광,여성,61세이상,6234
부산,2024-06-30,관광,여성,61세이상,5315
인천,2024-06-30,관광,여성,61세이상,1270
인천공항,2024-06-30,관광,여성,61세이상,34276
제주공항,2024-06-30,관광,여성,61세이상,4040
제주항,2024-06-30,관광,여성,61세이상,4948
기타공항,2024-07-31,관광,남성,20세 이하,1914
기타항구,2024-07-31,관광,남성,20세 이하,4076
김포,2024-07-31,관광,남성,20세 이하,4302
김해,2024-07-31,관광,남성,20세 이하,8323
부산,2024-07-31,관광,남성,20세 이하,1097
인천,2024-07-31,관광,남성,20세 이하,593
인천공항,2024-07-31,관광,남성,20세 이하,63842
제주공항,2024-07-31,관광,남성,20세 이하,11467
제주항,2024-07-31,관광,남성,20세 이하,2058
기타공항,2024-07-31,관광,남성,21~30세,868
기타항구,2024-07-31,관광,남성,21~30세,812
김포,2024-07-31,관광,남성,21~30세,4330
김해,2024-07-31,관광,남성,21~30세,5707
부산,2024-07-31,관광,남성,21~30세,621
인천,2024-07-31,관광,남성,21~30세,123
인천공항,2024-07-31,관광,남성,21~30세,52404
제주공항,2024-07-31,관광,남성,21~30세,7682
제주항,2024-07-31,관광,남성,21~30세,342
기타공항,2024-07-31,관광,남성,31~40세,937
기타항구,2024-07-31,관광,남성,31~40세,1604
김포,2024-07-31,관광,남성,31~40세,6078
김해,2024-07-31,관광,남성,31~40세,7082
부산,2024-07-31,관광,남성,31~40세,467
인천,2024-07-31,관광,남성,31~40세,330
인천공항,2024-07-31,관광,남성,31~40세,53934
제주공항,2024-07-31,관광,남성,31~40세,9123
제주항,2024-07-31,관광,남성,31~40세,568
기타공항,2024-07-31,관광,남성,41~50세,1401
기타항구,2024-07-31,관광,남성,41~50세,2224
김포,2024-07-31,관광,남성,41~50세,7548
김해,2024-07-31,관광,남성,41~50세,8323
부산,2024-07-31,관광,남성,41~50세,773
인천,2024-07-31,관광,남성,41~50세,653
인천공항,2024-07-31,관광,남성,41~50세,51789
제주공항,2024-07-31,관광,남성,41~50세,5676
제주항,2024-07-31,관광,남성,41~50세,905
기타공항,2024-07-31,관광,남성,51~60세,743
기타항구,2024-07-31,관광,남성,51~60세,2182
김포,2024-07-31,관광,남성,51~60세,6000
김해,2024-07-31,관광,남성,51~60세,5735
부산,2024-07-31,관광,남성,51~60세,894
인천,2024-07-31,관광,남성,51~60세,925
인천공항,2024-07-31,관광,남성,51~60세,35243
제주공항,2024-07-31,관광,남성,51~60세,2844
제주항,2024-07-31,관광,남성,51~60세,750
기타공항,2024-07-31,관광,남성,61세이상,577
기타항구,2024-07-31,관광,남성,61세이상,8095
김포,2024-07-31,관광,남성,61세이상,3106
김해,2024-07-31,관광,남성,61세이상,4129
부산,2024-07-31,관광,남성,61세이상,1782
인천,2024-07-31,관광,남성,61세이상,2586
인천공항,2024-07-31,관광,남성,61세이상,20503
제주공항,2024-07-31,관광,남성,61세이상,2460
제주항,2024-07-31,관광,남성,61세이상,2378
기타공항,2024-07-31,관광,여성,20세 이하,2337
기타항구,2024-07-31,관광,여성,20세 이하,4020
김포,2024-07-31,관광,여성,20세 이하,8816
김해,2024-07-31,관광,여성,20세 이하,10013
부산,2024-07-31,관광,여성,20세 이하,1115
인천,2024-07-31,관광,여성,20세 이하,618
인천공항,2024-07-31,관광,여성,20세 이하,105367
제주공항,2024-07-31,관광,여성,20세 이하,16073
제주항,2024-07-31,관광,여성,20세 이하,2031
기타공항,2024-07-31,관광,여성,21~30세,2387
기타항구,2024-07-31,관광,여성,21~30세,1102
김포,2024-07-31,관광,여성,21~30세,15321
김해,2024-07-31,관광,여성,21~30세,10962
부산,2024-07-31,관광,여성,21~30세,727
인천,2024-07-31,관광,여성,21~30세,218
인천공항,2024-07-31,관광,여성,21~30세,157349
제주공항,2024-07-31,관광,여성,21~30세,25219
제주항,2024-07-31,관광,여성,21~30세,543
기타공항,2024-07-31,관광,여성,31~40세,1871
기타항구,2024-07-31,관광,여성,31~40세,2685
김포,2024-07-31,관광,여성,31~40세,10545
김해,2024-07-31,관광,여성,31~40세,9160
부산,2024-07-31,관광,여성,31~40세,526
인천,2024-07-31,관광,여성,31~40세,522
인천공항,2024-07-31,관광,여성,31~40세,92461
제주공항,2024-07-31,관광,여성,31~40세,18884
제주항,2024-07-31,관광,여성,31~40세,1244
기타공항,2024-07-31,관광,여성,41~50세,2265
기타항구,2024-07-31,관광,여성,41~50세,3483
김포,2024-07-31,관광,여성,41~50세,9356
김해,2024-07-31,관광,여성,41~50세,10673
부산,2024-07-31,관광,여성,41~50세,969
인천,2024-07-31,관광,여성,41~50세,628
인천공항,2024-07-31,관광,여성,41~50세,77386
제주공항,2024-07-31,관광,여성,41~50세,9986
제주항,2024-07-31,관광,여성,41~50세,1607
기타공항,2024-07-31,관광,여성,51~60세,1160
기타항구,2024-07-31,관광,여성,51~60세,4124
김포,2024-07-31,관광,여성,51~60세,6881
김해,2024-07-31,관광,여성,51~60세,6856
부산,2024-07-31,관광,여성,51~60세,1154
인천,2024-07-31,관광,여성,51~60세,1508
인천공항,2024-07-31,관광,여성,51~60세,48310
제주공항,2024-07-31,관광,여성,51~60세,5313
제주항,2024-07-31,관광,여성,51~60세,1469
기타공항,2024-07-31,관광,여성,61세이상,862
기타항구,2024-07-31,관광,여성,61세이상,8573
김포,2024-07-31,관광,여성,61세이상,3715
김해,2024-07-31,관광,여성,61세이상,4899
부산,2024-07-31,관광,여성,61세이상,2186
인천,2024-07-31,관광,여성,61세이상,2324
인천공항,2024-07-31,관광,여성,61세이상,27330
제주공항,2024-07-31,관광,여성,61세이상,4026
제주항,2024-07-31,관광,여성,61세이상,3078
